COUNTRY,STATE,CITY,AREA
Morocco,Casablanca-Settat,Casablanca,Aïn Borja
Morocco,Casablanca-Settat,Casablanca,Aïn Chock
Morocco,Casablanca-Settat,Casablanca,Aïn Diab
Morocco,Casablanca-Settat,Casablanca,Aïn Sebaâ
Morocco,Casablanca-Settat,Casablanca,Al Manar
Morocco,Casablanca-Settat,Casablanca,Alia 1
Morocco,Casablanca-Settat,Casablanca,Alia 2
Morocco,Casablanca-Settat,Casablanca,Alsace-Lorraine
Morocco,Casablanca-Settat,Casablanca,Ancienne Médina
Morocco,Casablanca-Settat,Casablanca,Anfa
Morocco,Casablanca-Settat,Casablanca,Attacharouk
Morocco,Casablanca-Settat,Casablanca,Bachkou
Morocco,Casablanca-Settat,Casablanca,Beausejour
Morocco,Casablanca-Settat,Casablanca,Belvédère
Morocco,Casablanca-Settat,Casablanca,Bernoussi
Morocco,Casablanca-Settat,Casablanca,Bourgogne
Morocco,Casablanca-Settat,Casablanca,Derb Ghallef
Morocco,Casablanca-Settat,Casablanca,Derb Lihoudi
Morocco,Casablanca-Settat,Casablanca,Derb Sultan
Morocco,Casablanca-Settat,Casablanca,Derb Taliane
Morocco,Casablanca-Settat,Casablanca,Florida
Morocco,Casablanca-Settat,Casablanca,Franceville
Morocco,Casablanca-Settat,Casablanca,Gauthier
Morocco,Casablanca-Settat,Casablanca,Hay Al Qods
Morocco,Casablanca-Settat,Casablanca,Hay El Hanaa
Morocco,Casablanca-Settat,Casablanca,Hay El Hassani
Morocco,Casablanca-Settat,Casablanca,Hay Mohammadi
Morocco,Casablanca-Settat,Casablanca,Hay Nassim
Morocco,Casablanca-Settat,Casablanca,Hôpitaux
Morocco,Casablanca-Settat,Casablanca,Inara
Morocco,Casablanca-Settat,Casablanca,La Gironde
Morocco,Casablanca-Settat,Casablanca,Laîmoune
Morocco,Casablanca-Settat,Casablanca,Liberté
Morocco,Casablanca-Settat,Casablanca,Longchamp
Morocco,Casablanca-Settat,Casablanca,Maârif
Morocco,Casablanca-Settat,Casablanca,Mandarona
Morocco,Casablanca-Settat,Casablanca,Mers Sultan
Morocco,Casablanca-Settat,Casablanca,Oasis
Morocco,Casablanca-Settat,Casablanca,Oulfa
Morocco,Casablanca-Settat,Casablanca,Polo
Morocco,Casablanca-Settat,Casablanca,Qods
Morocco,Casablanca-Settat,Casablanca,Palmiers
Morocco,Casablanca-Settat,Casablanca,Plateau
Morocco,Casablanca-Settat,Casablanca,Racine
Morocco,Casablanca-Settat,Casablanca,Riviera
Morocco,Casablanca-Settat,Casablanca,Les Roches Noires
Morocco,Casablanca-Settat,Casablanca,Salmia 1
Morocco,Casablanca-Settat,Casablanca,Salmia 2
Morocco,Casablanca-Settat,Casablanca,Sbata
Morocco,Casablanca-Settat,Casablanca,Sidi Maârouf
Morocco,Casablanca-Settat,Casablanca,Sidi Moumen
Morocco,Casablanca-Settat,Casablanca,Taddart
Morocco,Casablanca-Settat,Casablanca,Tontonville
Morocco,Casablanca-Settat,Casablanca,Val d'Anfa
Morocco,Casablanca-Settat,Casablanca,Val Fleuri
Morocco,Casablanca-Settat,Casablanca,Vélodrome
Morocco,Casablanca-Settat,Casablanca,Zenata
Morocco,Rabat-Salé-Kénitra,Rabat,La Médina
Morocco,Rabat-Salé-Kénitra,Rabat,Les Oudayas
Morocco,Rabat-Salé-Kénitra,Rabat,Hassan
Morocco,Rabat-Salé-Kénitra,Rabat,L’Océan
Morocco,Rabat-Salé-Kénitra,Rabat,Agdal
Morocco,Rabat-Salé-Kénitra,Rabat,Hay Riad
Morocco,Rabat-Salé-Kénitra,Rabat,Souissi
Morocco,Rabat-Salé-Kénitra,Rabat,Les Orangers
Morocco,Rabat-Salé-Kénitra,Rabat,Diour Jamaa
Morocco,Rabat-Salé-Kénitra,Rabat,Akkari
Morocco,Rabat-Salé-Kénitra,Rabat,Yacoub El Mansour
Morocco,Rabat-Salé-Kénitra,Rabat,Massira
Morocco,Rabat-Salé-Kénitra,Rabat,Hay El Fath
Morocco,Rabat-Salé-Kénitra,Rabat,Youssoufia
Morocco,Rabat-Salé-Kénitra,Rabat,Douar El Hajja
Morocco,Rabat-Salé-Kénitra,Rabat,Mabella
Morocco,Rabat-Salé-Kénitra,Rabat,Taqaddoum
Morocco,Rabat-Salé-Kénitra,Rabat,Hay Nahda
Morocco,Rabat-Salé-Kénitra,Rabat,Aviation
Morocco,Rabat-Salé-Kénitra,Rabat,Rommani
Morocco,Rabat-Salé-Kénitra,Rabat,Les Ambassadeurs
Morocco,Marrakech-Safi,Marrakech,Médina
Morocco,Marrakech-Safi,Marrakech,Guéliz
Morocco,Marrakech-Safi,Marrakech,Hivernage
Morocco,Marrakech-Safi,Marrakech,Agdal
Morocco,Marrakech-Safi,Marrakech,Palmeraie
Morocco,Marrakech-Safi,Marrakech,Targa
Morocco,Marrakech-Safi,Marrakech,Mellah
Morocco,Marrakech-Safi,Marrakech,Kasbah
Morocco,Marrakech-Safi,Marrakech,Ménara
Morocco,Marrakech-Safi,Marrakech,Amelkis
Morocco,Marrakech-Safi,Marrakech,Sidi Ghanem
Morocco,Marrakech-Safi,Marrakech,Massira
Morocco,Souss-Massa,Agadir,Illigh
Morocco,Souss-Massa,Agadir,Charaf
Morocco,Souss-Massa,Agadir,Les Amicales
Morocco,Souss-Massa,Agadir,Dakhla
Morocco,Souss-Massa,Agadir,Al-Houda
Morocco,Souss-Massa,Agadir,Hay Mohammadi
Morocco,Souss-Massa,Agadir,Cité Adrar
Morocco,Souss-Massa,Agadir,Tikiouine
Morocco,Souss-Massa,Agadir,Hay Salam
Morocco,Souss-Massa,Agadir,Bensergao
Morocco,Fès-Meknès,Fès,Nejjarine et Guerniz
Morocco,Fès-Meknès,Fès,Maadi
Morocco,Fès-Meknès,Fès,Zkak Erroumane
Morocco,Fès-Meknès,Fès,Sidi Boujida
Morocco,Fès-Meknès,Fès,Kettanine
Morocco,Fès-Meknès,Fès,Seffarine
Morocco,Fès-Meknès,Fès,Ain Azliten
Morocco,Fès-Meknès,Fès,R’cif
Morocco,Fès-Meknès,Fès,Bab Boujloud
Morocco,Fès-Meknès,Fès,El Batha
Morocco,Fès-Meknès,Fès,Tala’a Kebira
Morocco,Fès-Meknès,Fès,Tala’a Sghira
Morocco,Fès-Meknès,Fès,Ziat
Morocco,Fès-Meknès,Fès,Boujloud
Morocco,Fès-Meknès,Fès,Bab Guissa
Morocco,Fès-Meknès,Fès,Fondouk Kaat Smen
Morocco,Fès-Meknès,Fès,Moulay Idriss
Morocco,Fès-Meknès,Fès,Bab Ftouh
